Origem;Qtd_Ocorrencias;Somatorio_Valor_Fatura
8131817100;7559;3,48
8131817112;7388;86,43
8131817106;5217;0
8131817179;5067;42,85
8131817211;4027;0
8131817104;3461;0
8131817122;2556;6,81
8131817131;2540;2,88
8131817102;2225;3,04
8131817183;2130;0
8131817234;2052;13,81
8131817184;1786;0
8131817140;1639;0,09
8131817105;1633;0
8131817186;1589;0
8131817154;1570;0
8131817191;1500;21,92
8131817161;1384;0
8131817230;1273;0
8131817145;1224;2,8
8131817213;1184;0
8131817195;1162;4,25
8131817214;1099;13,87
8131817189;978;0
8131817162;948;0
8131817110;931;7,07
8131817196;883;3,23
8131817135;842;0
8131817168;840;0
8131817120;807;6,47
8131817203;767;0
8131817155;751;3,13
8131817185;728;0
8131817188;717;0
8131817144;694;0
8131817139;624;0
8131817151;619;0
8131817108;595;2,95
8131817166;593;0
8131817212;591;0
8131817224;584;0
8131817109;583;0
8131817113;568;2,76
8131817153;564;0
8131817101;543;2,14
8131817228;533;0
8131817219;529;11,44
8131817115;496;3,81
8131817181;475;0,73
8131817226;457;0
8131817165;414;1,97
8131817229;405;0
8131817193;373;0
8131817208;369;0
8131817192;328;0
8131817175;308;5,62
8131817182;304;0
8131817111;296;2,05
8131817176;293;3,05
8131817223;291;0
8131817225;291;0
8131817136;249;0
8131817187;249;0
8131817194;211;0
8131817218;211;1,63
8131817127;206;0
8131817205;193;0
8131817206;190;0
8131817217;182;3,56
8131817123;177;0,19
8131817222;168;0
8131817149;165;0
8131817197;162;0,5
8131817117;160;0
8131817210;158;0
8131817138;131;0
8131817133;130;0,98
8131817215;129;0
8131817130;124;0
8131817199;96;0
8131817201;94;0
8131817146;87;0
8131817207;80;0,03
8131817142;78;0
8131817169;74;0
8131817190;74;0
8131817156;59;0
8131817118;57;0
8131817202;56;0
8131817143;49;0
8131817119;41;0
8131817173;41;0
8131817103;34;0
8131817209;21;0
8131817137;16;0,08
8131817114;15;0,01
8131817164;13;0
8131817204;13;0
8131817177;7;0
8131817170;5;0
8131817172;4;0
8131817232;3;0
8131817198;2;0
